{	"SampleFileName": "salesPrediction_08012020_120000.csv",
	"LengthOfDateStampInFile": 8,
	"LengthOfTimeStampInFile": 6,
	"NumberofColumns" : 33,
	"ColName": {
		"Item_Identifier" : "VARCHAR",
	"Item_Weight" : "FLOAT",
	"Item_Visibility" : "FLOAT",
	"Item_MRP" : "FLOAT",
	"Outlet_Identifier" : "VARCHAR",
	"Item_Outlet_Sales" : "FLOAT",
	"Outlet_Years" : "INTEGER",
	"Item_Fat_Content_0": "INTEGER",
	"Item_Fat_Content_1": "INTEGER",
	"Outlet_Location_Type_0": "INTEGER",
	"Outlet_Location_Type_1": "INTEGER",
	"Outlet_Location_Type_2": "INTEGER",
	"Outlet_Size_0": "INTEGER",
	"Outlet_Size_1": "INTEGER",
	"Outlet_Size_2": "INTEGER",
	"Outlet_Size_3": "INTEGER",
	"Outlet_Type_0": "INTEGER",
	"Outlet_Type_1": "INTEGER",
	"Outlet_Type_2": "INTEGER",
	"Outlet_Type_3": "INTEGER",
	"Item_Type_Combined_0": "INTEGER",
	"Item_Type_Combined_1": "INTEGER",
	"Item_Type_Combined_2": "INTEGER",
	"Outlet_0": "INTEGER",
	"Outlet_1": "INTEGER",
	"Outlet_2": "INTEGER",
	"Outlet_3": "INTEGER",
	"Outlet_4": "INTEGER",
	"Outlet_5": "INTEGER",
	"Outlet_6": "INTEGER",
	"Outlet_7": "INTEGER",
	"Outlet_8": "INTEGER",
	"Outlet_9": "INTEGER"
	}
}
